{
	"credit": "Made with Blockbench",
	"texture_size": [32, 32],
	"textures": {
		"2": "eastereggs:item/easter_egg_pbn",
		"particle": "eastereggs:item/easter_egg_pbn"
	},
	"elements": [
		{
			"from": [5.5, 0, 5],
			"to": [10.5, 2, 10],
			"rotation": {"angle": 0, "axis": "y", "origin": [-0.5, 0, 0]},
			"faces": {
				"north": {"uv": [10.5, 11.5, 13.5, 12.5], "texture": "#2"},
				"east": {"uv": [8, 12.5, 10.5, 13.5], "texture": "#2"},
				"south": {"uv": [10.5, 15, 13.5, 16], "texture": "#2"},
				"west": {"uv": [13.5, 12.5, 16, 13.5], "texture": "#2"},
				"up": {"uv": [16, 16, 16, 16], "rotation": 180, "texture": "#2"},
				"down": {"uv": [13.5, 12.5, 10.5, 15], "rotation": 180, "texture": "#2"}
			}
		},
		{
			"from": [5.5, 10, 5],
			"to": [10.5, 12, 10],
			"rotation": {"angle": 0, "axis": "y", "origin": [-0.5, 0, 0]},
			"faces": {
				"north": {"uv": [2.5, 11.5, 5.5, 12.5], "texture": "#2"},
				"east": {"uv": [0, 12.5, 2.5, 13.5], "texture": "#2"},
				"south": {"uv": [2.5, 15, 5.5, 16], "texture": "#2"},
				"west": {"uv": [5.5, 12.5, 8, 13.5], "texture": "#2"},
				"up": {"uv": [5.5, 15, 2.5, 12.5], "rotation": 180, "texture": "#2"},
				"down": {"uv": [16, 16, 16, 16], "rotation": 180, "texture": "#2"}
			}
		},
		{
			"from": [4.5, 2, 4],
			"to": [11.5, 10, 11],
			"rotation": {"angle": 0, "axis": "y", "origin": [-0.5, 0, 0]},
			"faces": {
				"north": {"uv": [3.5, 3.5, 7.5, 7.5], "texture": "#2"},
				"east": {"uv": [0, 3.5, 3.5, 7.5], "texture": "#2"},
				"south": {"uv": [11, 3.5, 15, 7.5], "texture": "#2"},
				"west": {"uv": [7.5, 3.5, 11, 7.5], "texture": "#2"},
				"up": {"uv": [7.5, 3.5, 3.5, 0], "rotation": 180, "texture": "#2"},
				"down": {"uv": [7.5, 7.5, 3.5, 11], "rotation": 180, "texture": "#2"}
			}
		}
	],
	"display": {
		"thirdperson_righthand": {
			"rotation": [0, -180, 0],
			"translation": [0, 3, 0.5],
			"scale": [0.5, 0.5, 0.5]
		},
		"thirdperson_lefthand": {
			"rotation": [0, -180, 0],
			"translation": [0, 3, 0.5],
			"scale": [0.5, 0.5, 0.5]
		},
		"firstperson_righthand": {
			"rotation": [0, 120, -25],
			"translation": [1.13, 4.5, 1.13],
			"scale": [0.5, 0.5, 0.5]
		},
		"firstperson_lefthand": {
			"rotation": [0, 120, -25],
			"translation": [1.13, 4.5, 1.13],
			"scale": [0.5, 0.5, 0.5]
		},
		"ground": {
			"rotation": [0, 0, 12.5],
			"translation": [0, 3, 0],
			"scale": [0.75, 0.75, 0.75]
		},
		"gui": {
			"rotation": [-163.5, 30, -180],
			"translation": [0, 1.75, 0]
		},
		"head": {
			"translation": [0, 12.5, 0],
			"scale": [0.75, 0.75, 0.75]
		},
		"fixed": {
			"rotation": [-90, 0, 0],
			"translation": [0, 0, -12],
			"scale": [1.5, 1.5, 1.5]
		}
	}
}