{
	"credit": "Made with Blockbench",
	"parent": "block/block",
	"textures": {
		"1": "block/snow",
		"all": "block/lantern",
		"particle": "block/lantern"
	},
	"elements": [
		{
			"from": [5, 0, 5],
			"to": [11, 7, 11],
			"faces": {
				"north": {"uv": [0, 2, 6, 9], "texture": "#all"},
				"east": {"uv": [0, 2, 6, 9], "texture": "#all"},
				"south": {"uv": [0, 2, 6, 9], "texture": "#all"},
				"west": {"uv": [0, 2, 6, 9], "texture": "#all"},
				"up": {"uv": [0, 9, 6, 15], "texture": "#all"},
				"down": {"uv": [0, 9, 6, 15], "texture": "#all", "cullface": "down"}
			}
		},
		{
			"from": [6, 7, 6],
			"to": [10, 9, 10],
			"faces": {
				"north": {"uv": [1, 0, 5, 2], "texture": "#all"},
				"east": {"uv": [1, 0, 5, 2], "texture": "#all"},
				"south": {"uv": [1, 0, 5, 2], "texture": "#all"},
				"west": {"uv": [1, 0, 5, 2], "texture": "#all"},
				"up": {"uv": [1, 10, 5, 14], "texture": "#all"}
			}
		},
		{
			"from": [6.5, 9, 8],
			"to": [9.5, 11, 8],
			"shade": false,
			"rotation": {"angle": 45, "axis": "y", "origin": [8, 8, 8]},
			"faces": {
				"north": {"uv": [11, 1, 14, 3], "texture": "#all"},
				"south": {"uv": [11, 1, 14, 3], "texture": "#all"}
			}
		},
		{
			"from": [8, 9, 6.5],
			"to": [8, 11, 9.5],
			"shade": false,
			"rotation": {"angle": 45, "axis": "y", "origin": [8, 8, 8]},
			"faces": {
				"east": {"uv": [11, 10, 14, 12], "texture": "#all"},
				"west": {"uv": [11, 10, 14, 12], "texture": "#all"}
			}
		},
		{
			"name": "snow_36",
			"from": [4, 0, 2],
			"to": [5, 1, 3],
			"faces": {
				"north": {"uv": [5, 2, 4, 3], "texture": "#1"},
				"east": {"uv": [4, 2, 5, 3], "rotation": 90, "texture": "#1"},
				"south": {"uv": [4, 2, 5, 3], "texture": "#1"},
				"west": {"uv": [4, 2, 5, 3], "rotation": 270, "texture": "#1"},
				"up": {"uv": [4, 2, 5, 3], "texture": "#1"},
				"down": {"uv": [4, 3, 5, 2], "texture": "#1"}
			}
		},
		{
			"name": "snow_51",
			"from": [3, 0, 3],
			"to": [4, 1, 4],
			"faces": {
				"north": {"uv": [4, 3, 3, 4], "texture": "#1"},
				"east": {"uv": [3, 3, 4, 4], "rotation": 90, "texture": "#1"},
				"south": {"uv": [3, 3, 4, 4], "texture": "#1"},
				"west": {"uv": [3, 3, 4, 4], "rotation": 270, "texture": "#1"},
				"up": {"uv": [3, 3, 4, 4], "texture": "#1"},
				"down": {"uv": [3, 4, 4, 3], "texture": "#1"}
			}
		},
		{
			"name": "snow_52",
			"from": [4, 0, 3],
			"to": [5, 1, 4],
			"faces": {
				"north": {"uv": [5, 3, 4, 4], "texture": "#1"},
				"east": {"uv": [4, 3, 5, 4], "rotation": 90, "texture": "#1"},
				"south": {"uv": [4, 3, 5, 4], "texture": "#1"},
				"west": {"uv": [4, 3, 5, 4], "rotation": 270, "texture": "#1"},
				"up": {"uv": [4, 3, 5, 4], "texture": "#1"},
				"down": {"uv": [4, 4, 5, 3], "texture": "#1"}
			}
		},
		{
			"name": "snow_53",
			"from": [4, 1, 3],
			"to": [5, 2, 4],
			"rotation": {"angle": 0, "axis": "y", "origin": [8, 9, 8]},
			"faces": {
				"north": {"uv": [5, 3, 4, 4], "texture": "#1"},
				"east": {"uv": [4, 3, 5, 4], "rotation": 90, "texture": "#1"},
				"south": {"uv": [4, 3, 5, 4], "texture": "#1"},
				"west": {"uv": [4, 3, 5, 4], "rotation": 270, "texture": "#1"},
				"up": {"uv": [4, 3, 5, 4], "texture": "#1"},
				"down": {"uv": [4, 4, 5, 3], "texture": "#1"}
			}
		},
		{
			"name": "snow_53",
			"from": [5, 0, 3],
			"to": [6, 1, 4],
			"faces": {
				"north": {"uv": [6, 3, 5, 4], "texture": "#1"},
				"east": {"uv": [5, 3, 6, 4], "rotation": 90, "texture": "#1"},
				"south": {"uv": [5, 3, 6, 4], "texture": "#1"},
				"west": {"uv": [5, 3, 6, 4], "rotation": 270, "texture": "#1"},
				"up": {"uv": [5, 3, 6, 4], "texture": "#1"},
				"down": {"uv": [5, 4, 6, 3], "texture": "#1"}
			}
		},
		{
			"name": "snow_67",
			"from": [3, 0, 4],
			"to": [4, 1, 5],
			"faces": {
				"north": {"uv": [4, 4, 3, 5], "texture": "#1"},
				"east": {"uv": [3, 4, 4, 5], "rotation": 90, "texture": "#1"},
				"south": {"uv": [3, 4, 4, 5], "texture": "#1"},
				"west": {"uv": [3, 4, 4, 5], "rotation": 270, "texture": "#1"},
				"up": {"uv": [3, 4, 4, 5], "texture": "#1"},
				"down": {"uv": [3, 5, 4, 4], "texture": "#1"}
			}
		},
		{
			"name": "snow_68",
			"from": [4, 0, 4],
			"to": [5, 1, 5],
			"faces": {
				"north": {"uv": [5, 4, 4, 5], "texture": "#1"},
				"east": {"uv": [4, 4, 5, 5], "rotation": 90, "texture": "#1"},
				"south": {"uv": [4, 4, 5, 5], "texture": "#1"},
				"west": {"uv": [4, 4, 5, 5], "rotation": 270, "texture": "#1"},
				"up": {"uv": [4, 4, 5, 5], "texture": "#1"},
				"down": {"uv": [4, 5, 5, 4], "texture": "#1"}
			}
		},
		{
			"name": "snow_69",
			"from": [4, 1, 4],
			"to": [5, 2, 5],
			"rotation": {"angle": 0, "axis": "y", "origin": [8, 9, 8]},
			"faces": {
				"north": {"uv": [5, 4, 4, 5], "texture": "#1"},
				"east": {"uv": [4, 4, 5, 5], "rotation": 90, "texture": "#1"},
				"south": {"uv": [4, 4, 5, 5], "texture": "#1"},
				"west": {"uv": [4, 4, 5, 5], "rotation": 270, "texture": "#1"},
				"up": {"uv": [4, 4, 5, 5], "texture": "#1"},
				"down": {"uv": [4, 5, 5, 4], "texture": "#1"}
			}
		},
		{
			"name": "snow_69",
			"from": [5, 0, 4],
			"to": [6, 1, 5],
			"faces": {
				"north": {"uv": [6, 4, 5, 5], "texture": "#1"},
				"east": {"uv": [5, 4, 6, 5], "rotation": 90, "texture": "#1"},
				"south": {"uv": [5, 4, 6, 5], "texture": "#1"},
				"west": {"uv": [5, 4, 6, 5], "rotation": 270, "texture": "#1"},
				"up": {"uv": [5, 4, 6, 5], "texture": "#1"},
				"down": {"uv": [5, 5, 6, 4], "texture": "#1"}
			}
		},
		{
			"name": "snow_70",
			"from": [5, 1, 4],
			"to": [6, 2, 5],
			"rotation": {"angle": 0, "axis": "y", "origin": [8, 9, 8]},
			"faces": {
				"north": {"uv": [6, 4, 5, 5], "texture": "#1"},
				"east": {"uv": [5, 4, 6, 5], "rotation": 90, "texture": "#1"},
				"south": {"uv": [5, 4, 6, 5], "texture": "#1"},
				"west": {"uv": [5, 4, 6, 5], "rotation": 270, "texture": "#1"},
				"up": {"uv": [5, 4, 6, 5], "texture": "#1"},
				"down": {"uv": [5, 5, 6, 4], "texture": "#1"}
			}
		},
		{
			"name": "snow_70",
			"from": [6, 0, 4],
			"to": [7, 1, 5],
			"faces": {
				"north": {"uv": [7, 4, 6, 5], "texture": "#1"},
				"east": {"uv": [6, 4, 7, 5], "rotation": 90, "texture": "#1"},
				"south": {"uv": [6, 4, 7, 5], "texture": "#1"},
				"west": {"uv": [6, 4, 7, 5], "rotation": 270, "texture": "#1"},
				"up": {"uv": [6, 4, 7, 5], "texture": "#1"},
				"down": {"uv": [6, 5, 7, 4], "texture": "#1"}
			}
		},
		{
			"name": "snow_71",
			"from": [7, 0, 4],
			"to": [8, 1, 5],
			"faces": {
				"north": {"uv": [8, 4, 7, 5], "texture": "#1"},
				"east": {"uv": [7, 4, 8, 5], "rotation": 90, "texture": "#1"},
				"south": {"uv": [7, 4, 8, 5], "texture": "#1"},
				"west": {"uv": [7, 4, 8, 5], "rotation": 270, "texture": "#1"},
				"up": {"uv": [7, 4, 8, 5], "texture": "#1"},
				"down": {"uv": [7, 5, 8, 4], "texture": "#1"}
			}
		},
		{
			"name": "snow_84",
			"from": [4, 0, 5],
			"to": [5, 1, 6],
			"faces": {
				"north": {"uv": [5, 5, 4, 6], "texture": "#1"},
				"east": {"uv": [4, 5, 5, 6], "rotation": 90, "texture": "#1"},
				"south": {"uv": [4, 5, 5, 6], "texture": "#1"},
				"west": {"uv": [4, 5, 5, 6], "rotation": 270, "texture": "#1"},
				"up": {"uv": [4, 5, 5, 6], "texture": "#1"},
				"down": {"uv": [4, 6, 5, 5], "texture": "#1"}
			}
		},
		{
			"name": "snow_85",
			"from": [5, 7, 5],
			"to": [6, 7.75, 6],
			"rotation": {"angle": 0, "axis": "y", "origin": [8, 15, 8]},
			"faces": {
				"north": {"uv": [6, 5, 5, 6], "texture": "#1"},
				"east": {"uv": [5, 5, 6, 6], "rotation": 90, "texture": "#1"},
				"south": {"uv": [5, 5, 6, 6], "texture": "#1"},
				"west": {"uv": [5, 5, 6, 6], "rotation": 270, "texture": "#1"},
				"up": {"uv": [5, 5, 6, 6], "texture": "#1"},
				"down": {"uv": [5, 6, 6, 5], "texture": "#1"}
			}
		},
		{
			"name": "snow_86",
			"from": [6, 7, 5],
			"to": [7, 7.75, 6],
			"rotation": {"angle": 0, "axis": "y", "origin": [8, 15, 8]},
			"faces": {
				"north": {"uv": [7, 5, 6, 6], "texture": "#1"},
				"east": {"uv": [6, 5, 7, 6], "rotation": 90, "texture": "#1"},
				"south": {"uv": [6, 5, 7, 6], "texture": "#1"},
				"west": {"uv": [6, 5, 7, 6], "rotation": 270, "texture": "#1"},
				"up": {"uv": [6, 5, 7, 6], "texture": "#1"},
				"down": {"uv": [6, 6, 7, 5], "texture": "#1"}
			}
		},
		{
			"name": "snow_87",
			"from": [7, 7, 5],
			"to": [8, 7.75, 6],
			"rotation": {"angle": 0, "axis": "y", "origin": [8, 15, 8]},
			"faces": {
				"north": {"uv": [8, 5, 7, 6], "texture": "#1"},
				"east": {"uv": [7, 5, 8, 6], "rotation": 90, "texture": "#1"},
				"south": {"uv": [7, 5, 8, 6], "texture": "#1"},
				"west": {"uv": [7, 5, 8, 6], "rotation": 270, "texture": "#1"},
				"up": {"uv": [7, 5, 8, 6], "texture": "#1"},
				"down": {"uv": [7, 6, 8, 5], "texture": "#1"}
			}
		},
		{
			"name": "snow_88",
			"from": [8, 7, 5],
			"to": [9, 7.75, 6],
			"rotation": {"angle": 0, "axis": "y", "origin": [8, 15, 8]},
			"faces": {
				"north": {"uv": [9, 5, 8, 6], "texture": "#1"},
				"east": {"uv": [8, 5, 9, 6], "rotation": 90, "texture": "#1"},
				"south": {"uv": [8, 5, 9, 6], "texture": "#1"},
				"west": {"uv": [8, 5, 9, 6], "rotation": 270, "texture": "#1"},
				"up": {"uv": [8, 5, 9, 6], "texture": "#1"},
				"down": {"uv": [8, 6, 9, 5], "texture": "#1"}
			}
		},
		{
			"name": "snow_89",
			"from": [9, 7, 5],
			"to": [10, 8, 6],
			"rotation": {"angle": 0, "axis": "y", "origin": [8, 15, 8]},
			"faces": {
				"north": {"uv": [10, 5, 9, 6], "texture": "#1"},
				"east": {"uv": [9, 5, 10, 6], "rotation": 90, "texture": "#1"},
				"south": {"uv": [9, 5, 10, 6], "texture": "#1"},
				"west": {"uv": [9, 5, 10, 6], "rotation": 270, "texture": "#1"},
				"up": {"uv": [9, 5, 10, 6], "texture": "#1"},
				"down": {"uv": [9, 6, 10, 5], "texture": "#1"}
			}
		},
		{
			"name": "snow_90",
			"from": [10, 7, 5],
			"to": [11, 7.75, 6],
			"rotation": {"angle": 0, "axis": "y", "origin": [8, 15, 8]},
			"faces": {
				"north": {"uv": [11, 5, 10, 6], "texture": "#1"},
				"east": {"uv": [10, 5, 11, 6], "rotation": 90, "texture": "#1"},
				"south": {"uv": [10, 5, 11, 6], "texture": "#1"},
				"west": {"uv": [10, 5, 11, 6], "rotation": 270, "texture": "#1"},
				"up": {"uv": [10, 5, 11, 6], "texture": "#1"},
				"down": {"uv": [10, 6, 11, 5], "texture": "#1"}
			}
		},
		{
			"name": "snow_100",
			"from": [4, 0, 6],
			"to": [5, 1, 7],
			"faces": {
				"north": {"uv": [5, 6, 4, 7], "texture": "#1"},
				"east": {"uv": [4, 6, 5, 7], "rotation": 90, "texture": "#1"},
				"south": {"uv": [4, 6, 5, 7], "texture": "#1"},
				"west": {"uv": [4, 6, 5, 7], "rotation": 270, "texture": "#1"},
				"up": {"uv": [4, 6, 5, 7], "texture": "#1"},
				"down": {"uv": [4, 7, 5, 6], "texture": "#1"}
			}
		},
		{
			"name": "snow_101",
			"from": [5, 7, 6],
			"to": [6, 7.75, 7],
			"rotation": {"angle": 0, "axis": "y", "origin": [8, 15, 8]},
			"faces": {
				"north": {"uv": [6, 6, 5, 7], "texture": "#1"},
				"east": {"uv": [5, 6, 6, 7], "rotation": 90, "texture": "#1"},
				"south": {"uv": [5, 6, 6, 7], "texture": "#1"},
				"west": {"uv": [5, 6, 6, 7], "rotation": 270, "texture": "#1"},
				"up": {"uv": [5, 6, 6, 7], "texture": "#1"},
				"down": {"uv": [5, 7, 6, 6], "texture": "#1"}
			}
		},
		{
			"name": "snow_102",
			"from": [6, 9, 6],
			"to": [7, 9.5, 7],
			"rotation": {"angle": 0, "axis": "y", "origin": [8, 17, 8]},
			"faces": {
				"north": {"uv": [7, 6, 6, 7], "texture": "#1"},
				"east": {"uv": [6, 6, 7, 7], "rotation": 90, "texture": "#1"},
				"south": {"uv": [6, 6, 7, 7], "texture": "#1"},
				"west": {"uv": [6, 6, 7, 7], "rotation": 270, "texture": "#1"},
				"up": {"uv": [6, 6, 7, 7], "texture": "#1"},
				"down": {"uv": [6, 7, 7, 6], "texture": "#1"}
			}
		},
		{
			"name": "snow_103",
			"from": [7, 9, 6],
			"to": [8, 9.5, 7],
			"rotation": {"angle": 0, "axis": "y", "origin": [8, 17, 8]},
			"faces": {
				"north": {"uv": [8, 6, 7, 7], "texture": "#1"},
				"east": {"uv": [7, 6, 8, 7], "rotation": 90, "texture": "#1"},
				"south": {"uv": [7, 6, 8, 7], "texture": "#1"},
				"west": {"uv": [7, 6, 8, 7], "rotation": 270, "texture": "#1"},
				"up": {"uv": [7, 6, 8, 7], "texture": "#1"},
				"down": {"uv": [7, 7, 8, 6], "texture": "#1"}
			}
		},
		{
			"name": "snow_104",
			"from": [8, 9, 6],
			"to": [9, 9.5, 7],
			"rotation": {"angle": 0, "axis": "y", "origin": [8, 17, 8]},
			"faces": {
				"north": {"uv": [9, 6, 8, 7], "texture": "#1"},
				"east": {"uv": [8, 6, 9, 7], "rotation": 90, "texture": "#1"},
				"south": {"uv": [8, 6, 9, 7], "texture": "#1"},
				"west": {"uv": [8, 6, 9, 7], "rotation": 270, "texture": "#1"},
				"up": {"uv": [8, 6, 9, 7], "texture": "#1"},
				"down": {"uv": [8, 7, 9, 6], "texture": "#1"}
			}
		},
		{
			"name": "snow_105",
			"from": [9, 9, 6],
			"to": [10, 9.5, 7],
			"rotation": {"angle": 0, "axis": "y", "origin": [8, 17, 8]},
			"faces": {
				"north": {"uv": [10, 6, 9, 7], "texture": "#1"},
				"east": {"uv": [9, 6, 10, 7], "rotation": 90, "texture": "#1"},
				"south": {"uv": [9, 6, 10, 7], "texture": "#1"},
				"west": {"uv": [9, 6, 10, 7], "rotation": 270, "texture": "#1"},
				"up": {"uv": [9, 6, 10, 7], "texture": "#1"},
				"down": {"uv": [9, 7, 10, 6], "texture": "#1"}
			}
		},
		{
			"name": "snow_106",
			"from": [10, 7, 6],
			"to": [11, 7.75, 7],
			"rotation": {"angle": 0, "axis": "y", "origin": [8, 17, 8]},
			"faces": {
				"north": {"uv": [11, 6, 10, 7], "texture": "#1"},
				"east": {"uv": [10, 6, 11, 7], "rotation": 90, "texture": "#1"},
				"south": {"uv": [10, 6, 11, 7], "texture": "#1"},
				"west": {"uv": [10, 6, 11, 7], "rotation": 270, "texture": "#1"},
				"up": {"uv": [10, 6, 11, 7], "texture": "#1"},
				"down": {"uv": [10, 7, 11, 6], "texture": "#1"}
			}
		},
		{
			"name": "snow_117",
			"from": [5, 7, 7],
			"to": [6, 8, 8],
			"rotation": {"angle": 0, "axis": "y", "origin": [8, 15, 8]},
			"faces": {
				"north": {"uv": [6, 7, 5, 8], "texture": "#1"},
				"east": {"uv": [5, 7, 6, 8], "rotation": 90, "texture": "#1"},
				"south": {"uv": [5, 7, 6, 8], "texture": "#1"},
				"west": {"uv": [5, 7, 6, 8], "rotation": 270, "texture": "#1"},
				"up": {"uv": [5, 7, 6, 8], "texture": "#1"},
				"down": {"uv": [5, 8, 6, 7], "texture": "#1"}
			}
		},
		{
			"name": "snow_118",
			"from": [6, 9, 7],
			"to": [7, 9.5, 8],
			"rotation": {"angle": 0, "axis": "y", "origin": [8, 17, 8]},
			"faces": {
				"north": {"uv": [7, 7, 6, 8], "texture": "#1"},
				"east": {"uv": [6, 7, 7, 8], "rotation": 90, "texture": "#1"},
				"south": {"uv": [6, 7, 7, 8], "texture": "#1"},
				"west": {"uv": [6, 7, 7, 8], "rotation": 270, "texture": "#1"},
				"up": {"uv": [6, 7, 7, 8], "texture": "#1"},
				"down": {"uv": [6, 8, 7, 7], "texture": "#1"}
			}
		},
		{
			"name": "snow_119",
			"from": [7, 9, 7],
			"to": [8, 9.5, 8],
			"rotation": {"angle": 0, "axis": "y", "origin": [8, 17, 8]},
			"faces": {
				"north": {"uv": [8, 7, 7, 8], "texture": "#1"},
				"east": {"uv": [7, 7, 8, 8], "rotation": 90, "texture": "#1"},
				"south": {"uv": [7, 7, 8, 8], "texture": "#1"},
				"west": {"uv": [7, 7, 8, 8], "rotation": 270, "texture": "#1"},
				"up": {"uv": [7, 7, 8, 8], "texture": "#1"},
				"down": {"uv": [7, 8, 8, 7], "texture": "#1"}
			}
		},
		{
			"name": "snow_120",
			"from": [8, 9, 7],
			"to": [9, 9.5, 8],
			"rotation": {"angle": 0, "axis": "y", "origin": [8, 17, 8]},
			"faces": {
				"north": {"uv": [9, 7, 8, 8], "texture": "#1"},
				"east": {"uv": [8, 7, 9, 8], "rotation": 90, "texture": "#1"},
				"south": {"uv": [8, 7, 9, 8], "texture": "#1"},
				"west": {"uv": [8, 7, 9, 8], "rotation": 270, "texture": "#1"},
				"up": {"uv": [8, 7, 9, 8], "texture": "#1"},
				"down": {"uv": [8, 8, 9, 7], "texture": "#1"}
			}
		},
		{
			"name": "snow_121",
			"from": [9, 9, 7],
			"to": [10, 9.5, 8],
			"rotation": {"angle": 0, "axis": "y", "origin": [8, 17, 8]},
			"faces": {
				"north": {"uv": [10, 7, 9, 8], "texture": "#1"},
				"east": {"uv": [9, 7, 10, 8], "rotation": 90, "texture": "#1"},
				"south": {"uv": [9, 7, 10, 8], "texture": "#1"},
				"west": {"uv": [9, 7, 10, 8], "rotation": 270, "texture": "#1"},
				"up": {"uv": [9, 7, 10, 8], "texture": "#1"},
				"down": {"uv": [9, 8, 10, 7], "texture": "#1"}
			}
		},
		{
			"name": "snow_122",
			"from": [10, 7, 7],
			"to": [11, 7.75, 8],
			"rotation": {"angle": 0, "axis": "y", "origin": [8, 15, 8]},
			"faces": {
				"north": {"uv": [11, 7, 10, 8], "texture": "#1"},
				"east": {"uv": [10, 7, 11, 8], "rotation": 90, "texture": "#1"},
				"south": {"uv": [10, 7, 11, 8], "texture": "#1"},
				"west": {"uv": [10, 7, 11, 8], "rotation": 270, "texture": "#1"},
				"up": {"uv": [10, 7, 11, 8], "texture": "#1"},
				"down": {"uv": [10, 8, 11, 7], "texture": "#1"}
			}
		},
		{
			"name": "snow_133",
			"from": [5, 7, 8],
			"to": [6, 7.75, 9],
			"rotation": {"angle": 0, "axis": "y", "origin": [8, 15, 8]},
			"faces": {
				"north": {"uv": [6, 8, 5, 9], "texture": "#1"},
				"east": {"uv": [5, 8, 6, 9], "rotation": 90, "texture": "#1"},
				"south": {"uv": [5, 8, 6, 9], "texture": "#1"},
				"west": {"uv": [5, 8, 6, 9], "rotation": 270, "texture": "#1"},
				"up": {"uv": [5, 8, 6, 9], "texture": "#1"},
				"down": {"uv": [5, 9, 6, 8], "texture": "#1"}
			}
		},
		{
			"name": "snow_134",
			"from": [6, 9, 8],
			"to": [7, 9.5, 9],
			"rotation": {"angle": 0, "axis": "y", "origin": [8, 17, 8]},
			"faces": {
				"north": {"uv": [7, 8, 6, 9], "texture": "#1"},
				"east": {"uv": [6, 8, 7, 9], "rotation": 90, "texture": "#1"},
				"south": {"uv": [6, 8, 7, 9], "texture": "#1"},
				"west": {"uv": [6, 8, 7, 9], "rotation": 270, "texture": "#1"},
				"up": {"uv": [6, 8, 7, 9], "texture": "#1"},
				"down": {"uv": [6, 9, 7, 8], "texture": "#1"}
			}
		},
		{
			"name": "snow_135",
			"from": [7, 9, 8],
			"to": [8, 9.5, 9],
			"rotation": {"angle": 0, "axis": "y", "origin": [8, 17, 8]},
			"faces": {
				"north": {"uv": [8, 8, 7, 9], "texture": "#1"},
				"east": {"uv": [7, 8, 8, 9], "rotation": 90, "texture": "#1"},
				"south": {"uv": [7, 8, 8, 9], "texture": "#1"},
				"west": {"uv": [7, 8, 8, 9], "rotation": 270, "texture": "#1"},
				"up": {"uv": [7, 8, 8, 9], "texture": "#1"},
				"down": {"uv": [7, 9, 8, 8], "texture": "#1"}
			}
		},
		{
			"name": "snow_136",
			"from": [8, 9, 8],
			"to": [9, 9.5, 9],
			"rotation": {"angle": 0, "axis": "y", "origin": [8, 17, 8]},
			"faces": {
				"north": {"uv": [9, 8, 8, 9], "texture": "#1"},
				"east": {"uv": [8, 8, 9, 9], "rotation": 90, "texture": "#1"},
				"south": {"uv": [8, 8, 9, 9], "texture": "#1"},
				"west": {"uv": [8, 8, 9, 9], "rotation": 270, "texture": "#1"},
				"up": {"uv": [8, 8, 9, 9], "texture": "#1"},
				"down": {"uv": [8, 9, 9, 8], "texture": "#1"}
			}
		},
		{
			"name": "snow_137",
			"from": [9, 9, 8],
			"to": [10, 9.5, 9],
			"rotation": {"angle": 0, "axis": "y", "origin": [8, 17, 8]},
			"faces": {
				"north": {"uv": [10, 8, 9, 9], "texture": "#1"},
				"east": {"uv": [9, 8, 10, 9], "rotation": 90, "texture": "#1"},
				"south": {"uv": [9, 8, 10, 9], "texture": "#1"},
				"west": {"uv": [9, 8, 10, 9], "rotation": 270, "texture": "#1"},
				"up": {"uv": [9, 8, 10, 9], "texture": "#1"},
				"down": {"uv": [9, 9, 10, 8], "texture": "#1"}
			}
		},
		{
			"name": "snow_138",
			"from": [10, 7, 8],
			"to": [11, 8, 9],
			"rotation": {"angle": 0, "axis": "y", "origin": [8, 15, 8]},
			"faces": {
				"north": {"uv": [11, 8, 10, 9], "texture": "#1"},
				"east": {"uv": [10, 8, 11, 9], "rotation": 90, "texture": "#1"},
				"south": {"uv": [10, 8, 11, 9], "texture": "#1"},
				"west": {"uv": [10, 8, 11, 9], "rotation": 270, "texture": "#1"},
				"up": {"uv": [10, 8, 11, 9], "texture": "#1"},
				"down": {"uv": [10, 9, 11, 8], "texture": "#1"}
			}
		},
		{
			"name": "snow_149",
			"from": [5, 7, 9],
			"to": [6, 7.75, 10],
			"rotation": {"angle": 0, "axis": "y", "origin": [8, 15, 8]},
			"faces": {
				"north": {"uv": [6, 9, 5, 10], "texture": "#1"},
				"east": {"uv": [5, 9, 6, 10], "rotation": 90, "texture": "#1"},
				"south": {"uv": [5, 9, 6, 10], "texture": "#1"},
				"west": {"uv": [5, 9, 6, 10], "rotation": 270, "texture": "#1"},
				"up": {"uv": [5, 9, 6, 10], "texture": "#1"},
				"down": {"uv": [5, 10, 6, 9], "texture": "#1"}
			}
		},
		{
			"name": "snow_150",
			"from": [6, 9, 9],
			"to": [7, 9.5, 10],
			"rotation": {"angle": 0, "axis": "y", "origin": [8, 17, 8]},
			"faces": {
				"north": {"uv": [7, 9, 6, 10], "texture": "#1"},
				"east": {"uv": [6, 9, 7, 10], "rotation": 90, "texture": "#1"},
				"south": {"uv": [6, 9, 7, 10], "texture": "#1"},
				"west": {"uv": [6, 9, 7, 10], "rotation": 270, "texture": "#1"},
				"up": {"uv": [6, 9, 7, 10], "texture": "#1"},
				"down": {"uv": [6, 10, 7, 9], "texture": "#1"}
			}
		},
		{
			"name": "snow_151",
			"from": [7, 9, 9],
			"to": [8, 9.5, 10],
			"rotation": {"angle": 0, "axis": "y", "origin": [8, 17, 8]},
			"faces": {
				"north": {"uv": [8, 9, 7, 10], "texture": "#1"},
				"east": {"uv": [7, 9, 8, 10], "rotation": 90, "texture": "#1"},
				"south": {"uv": [7, 9, 8, 10], "texture": "#1"},
				"west": {"uv": [7, 9, 8, 10], "rotation": 270, "texture": "#1"},
				"up": {"uv": [7, 9, 8, 10], "texture": "#1"},
				"down": {"uv": [7, 10, 8, 9], "texture": "#1"}
			}
		},
		{
			"name": "snow_152",
			"from": [8, 9, 9],
			"to": [9, 9.5, 10],
			"rotation": {"angle": 0, "axis": "y", "origin": [8, 17, 8]},
			"faces": {
				"north": {"uv": [9, 9, 8, 10], "texture": "#1"},
				"east": {"uv": [8, 9, 9, 10], "rotation": 90, "texture": "#1"},
				"south": {"uv": [8, 9, 9, 10], "texture": "#1"},
				"west": {"uv": [8, 9, 9, 10], "rotation": 270, "texture": "#1"},
				"up": {"uv": [8, 9, 9, 10], "texture": "#1"},
				"down": {"uv": [8, 10, 9, 9], "texture": "#1"}
			}
		},
		{
			"name": "snow_153",
			"from": [9, 9, 9],
			"to": [10, 9.5, 10],
			"rotation": {"angle": 0, "axis": "y", "origin": [8, 17, 8]},
			"faces": {
				"north": {"uv": [10, 9, 9, 10], "texture": "#1"},
				"east": {"uv": [9, 9, 10, 10], "rotation": 90, "texture": "#1"},
				"south": {"uv": [9, 9, 10, 10], "texture": "#1"},
				"west": {"uv": [9, 9, 10, 10], "rotation": 270, "texture": "#1"},
				"up": {"uv": [9, 9, 10, 10], "texture": "#1"},
				"down": {"uv": [9, 10, 10, 9], "texture": "#1"}
			}
		},
		{
			"name": "snow_154",
			"from": [10, 7, 9],
			"to": [11, 8, 10],
			"rotation": {"angle": 0, "axis": "y", "origin": [8, 15, 8]},
			"faces": {
				"north": {"uv": [11, 9, 10, 10], "texture": "#1"},
				"east": {"uv": [10, 9, 11, 10], "rotation": 90, "texture": "#1"},
				"south": {"uv": [10, 9, 11, 10], "texture": "#1"},
				"west": {"uv": [10, 9, 11, 10], "rotation": 270, "texture": "#1"},
				"up": {"uv": [10, 9, 11, 10], "texture": "#1"},
				"down": {"uv": [10, 10, 11, 9], "texture": "#1"}
			}
		},
		{
			"name": "snow_165",
			"from": [5, 7, 10],
			"to": [6, 7.75, 11],
			"rotation": {"angle": 0, "axis": "y", "origin": [8, 15, 8]},
			"faces": {
				"north": {"uv": [6, 10, 5, 11], "texture": "#1"},
				"east": {"uv": [5, 10, 6, 11], "rotation": 90, "texture": "#1"},
				"south": {"uv": [5, 10, 6, 11], "texture": "#1"},
				"west": {"uv": [5, 10, 6, 11], "rotation": 270, "texture": "#1"},
				"up": {"uv": [5, 10, 6, 11], "texture": "#1"},
				"down": {"uv": [5, 11, 6, 10], "texture": "#1"}
			}
		},
		{
			"name": "snow_166",
			"from": [6, 7, 10],
			"to": [7, 7.75, 11],
			"rotation": {"angle": 0, "axis": "y", "origin": [8, 15, 8]},
			"faces": {
				"north": {"uv": [7, 10, 6, 11], "texture": "#1"},
				"east": {"uv": [6, 10, 7, 11], "rotation": 90, "texture": "#1"},
				"south": {"uv": [6, 10, 7, 11], "texture": "#1"},
				"west": {"uv": [6, 10, 7, 11], "rotation": 270, "texture": "#1"},
				"up": {"uv": [6, 10, 7, 11], "texture": "#1"},
				"down": {"uv": [6, 11, 7, 10], "texture": "#1"}
			}
		},
		{
			"name": "snow_167",
			"from": [7, 7, 10],
			"to": [8, 8, 11],
			"rotation": {"angle": 0, "axis": "y", "origin": [8, 15, 8]},
			"faces": {
				"north": {"uv": [8, 10, 7, 11], "texture": "#1"},
				"east": {"uv": [7, 10, 8, 11], "rotation": 90, "texture": "#1"},
				"south": {"uv": [7, 10, 8, 11], "texture": "#1"},
				"west": {"uv": [7, 10, 8, 11], "rotation": 270, "texture": "#1"},
				"up": {"uv": [7, 10, 8, 11], "texture": "#1"},
				"down": {"uv": [7, 11, 8, 10], "texture": "#1"}
			}
		},
		{
			"name": "snow_168",
			"from": [10, 0, 11],
			"to": [11, 1, 12],
			"rotation": {"angle": 0, "axis": "y", "origin": [8, 15, 8]},
			"faces": {
				"north": {"uv": [8, 10, 7, 11], "texture": "#1"},
				"east": {"uv": [7, 10, 8, 11], "rotation": 90, "texture": "#1"},
				"south": {"uv": [7, 10, 8, 11], "texture": "#1"},
				"west": {"uv": [7, 10, 8, 11], "rotation": 270, "texture": "#1"},
				"up": {"uv": [7, 10, 8, 11], "texture": "#1"},
				"down": {"uv": [7, 11, 8, 10], "texture": "#1"}
			}
		},
		{
			"name": "snow_168",
			"from": [8, 7, 10],
			"to": [9, 7.75, 11],
			"rotation": {"angle": 0, "axis": "y", "origin": [8, 15, 8]},
			"faces": {
				"north": {"uv": [9, 10, 8, 11], "texture": "#1"},
				"east": {"uv": [8, 10, 9, 11], "rotation": 90, "texture": "#1"},
				"south": {"uv": [8, 10, 9, 11], "texture": "#1"},
				"west": {"uv": [8, 10, 9, 11], "rotation": 270, "texture": "#1"},
				"up": {"uv": [8, 10, 9, 11], "texture": "#1"},
				"down": {"uv": [8, 11, 9, 10], "texture": "#1"}
			}
		},
		{
			"name": "snow_169",
			"from": [9, 7, 10],
			"to": [10, 7.75, 11],
			"rotation": {"angle": 0, "axis": "y", "origin": [8, 15, 8]},
			"faces": {
				"north": {"uv": [10, 10, 9, 11], "texture": "#1"},
				"east": {"uv": [9, 10, 10, 11], "rotation": 90, "texture": "#1"},
				"south": {"uv": [9, 10, 10, 11], "texture": "#1"},
				"west": {"uv": [9, 10, 10, 11], "rotation": 270, "texture": "#1"},
				"up": {"uv": [9, 10, 10, 11], "texture": "#1"},
				"down": {"uv": [9, 11, 10, 10], "texture": "#1"}
			}
		},
		{
			"name": "snow_170",
			"from": [10, 7, 10],
			"to": [11, 7.75, 11],
			"rotation": {"angle": 0, "axis": "y", "origin": [8, 15, 8]},
			"faces": {
				"north": {"uv": [11, 10, 10, 11], "texture": "#1"},
				"east": {"uv": [10, 10, 11, 11], "rotation": 90, "texture": "#1"},
				"south": {"uv": [10, 10, 11, 11], "texture": "#1"},
				"west": {"uv": [10, 10, 11, 11], "rotation": 270, "texture": "#1"},
				"up": {"uv": [10, 10, 11, 11], "texture": "#1"},
				"down": {"uv": [10, 11, 11, 10], "texture": "#1"}
			}
		},
		{
			"name": "snow_171",
			"from": [11, 0, 10],
			"to": [12, 1, 11],
			"rotation": {"angle": 0, "axis": "y", "origin": [8, 15, 8]},
			"faces": {
				"north": {"uv": [11, 10, 10, 11], "texture": "#1"},
				"east": {"uv": [10, 10, 11, 11], "rotation": 90, "texture": "#1"},
				"south": {"uv": [10, 10, 11, 11], "texture": "#1"},
				"west": {"uv": [10, 10, 11, 11], "rotation": 270, "texture": "#1"},
				"up": {"uv": [10, 10, 11, 11], "texture": "#1"},
				"down": {"uv": [10, 11, 11, 10], "texture": "#1"}
			}
		}
	],
	"groups": [
		{
			"name": "lantern",
			"origin": [8, 8, 8],
			"children": [0, 1, 2, 3]
		},
		{
			"name": "snow",
			"origin": [8, 8, 8],
			"children": [4, 5, 6, 7, 8, 9, 10, 11, 12, 13, 14, 15, 16, 17, 18, 19, 20, 21, 22, 23, 24, 25, 26, 27, 28, 29, 30, 31, 32, 33, 34, 35, 36, 37, 38, 39, 40, 41, 42, 43, 44, 45, 46, 47, 48, 49, 50, 51, 52, 53, 54, 55]
		}
	]
}